opcode,alias_of,input_form,oem_source,label_lines,implementation_lines,resource_dependencies,native_owner,dispatch,source_completion,source_failure,cancellation,branch_specific_behavior,source_calls,port_status
aa,,raw tokens,BioXPControlLib/ControlLib.cs,5828-5855,5828-5855,LockGeneral; LockTipOperation,LiftForAir -> ClassControlInterface.liftTo; m_PipetteControl.SetTopSpeed/AspirateAir/readPressure,unretained Task.Run; immediate line result; resource-release completion,Immediate line result is dispatch return; later releases of resource events gate subsequent acquisitions. Child result is not an awaited outcome.,"No outer child catch/finally; task fault can bypass listed releases. Interpreter catch handles only synchronous errors, sets runningerror/stop, cancels; selected message strings invoke forceAbortMotion. Branch-specific synchronous lower catches/events may differ as noted.","Acquire listed resources first, then inspect token; requested => release resources, m_abortjob=true, throw into interpreter catch. Child Task.Run has no supplied cancellation token.","Invalid numeric amount no-op; pressure branch conditional. Full ClassPipetteCollection read: SetTopSpeed/AspirateAir use four completion events, bool timeout ignored. LiftForAir geometry/plate branch read.",ComponentLocks.Lock; ComponentLocks.ReleaseLock; Exception; Task.Run; double.TryParse; LiftForAir; m_PipetteControl.SetTopSpeed; m_PipetteControl.AspirateAir; m_PipetteControl.readPressure; ClassMessageLog.logMessage; Convert.ToInt32,SPEC DRAFT — not ported/qualified
ampmix,,typed ClassAmpMix,BioXPControlLib/ControlLib.cs,5856-5873,5856-5873,LockGeneral; LockTipOperation,ampmix -> PipetteTransfer + ClassControlInterface.liftTo/lowerTo/MoveZHome,unretained Task.Run; immediate line result; resource-release completion,Immediate line result is dispatch return; later releases of resource events gate subsequent acquisitions. Child result is not an awaited outcome.,"No outer child catch/finally; task fault can bypass listed releases. Interpreter catch handles only synchronous errors, sets runningerror/stop, cancels; selected message strings invoke forceAbortMotion. Branch-specific synchronous lower catches/events may differ as noted.","Acquire listed resources first, then inspect token; requested => release resources, m_abortjob=true, throw into interpreter catch. Child Task.Run has no supplied cancellation token.",Full ampmix7302–7358 and PipetteTransfer10490–10515: absent/nonpositive volume bypasses transfer and delay; speed optional; type switch selects Dispense/Aspirate/AspirateAir; nullable delay Thread.Sleep only when valid volume. Pipette timeout bool not unified error.,ComponentLocks.Lock; ComponentLocks.ReleaseLock; Exception; Task.Run; ampmix,SPEC DRAFT — not ported/qualified
catchPlate,catch,raw tokens,BioXPControlLib/ControlLib.cs,5874-5874,5875-5895,LockGeneral,catchPlate -> doorOpen/scriptmoveTo/OpenGripper/CloseGripper/moveG/moveZ,alias fallthrough,Immediate line result is dispatch return; later releases of resource events gate subsequent acquisitions. Child result is not an awaited outcome.,"No outer child catch/finally; task fault can bypass listed releases. Interpreter catch handles only synchronous errors, sets runningerror/stop, cancels; selected message strings invoke forceAbortMotion. Branch-specific synchronous lower catches/events may differ as noted.","Acquire listed resources first, then inspect token; requested => release resources, m_abortjob=true, throw into interpreter catch. Child Task.Run has no supplied cancellation token.","Invalid enum throws inside child. catchPlate 8262–8410 catches/logs/sets m_runningerror, releases gripper in finally and returns without propagating; caller releases General.",ComponentLocks.Lock; ComponentLocks.ReleaseLock; Exception; Task.Run; catchPlate; Convert.ToInt32,SPEC DRAFT — not ported/qualified
catch,,raw tokens,BioXPControlLib/ControlLib.cs,5875-5895,5875-5895,LockGeneral,catchPlate -> doorOpen/scriptmoveTo/OpenGripper/CloseGripper/moveG/moveZ,unretained Task.Run; immediate line result; resource-release completion,Immediate line result is dispatch return; later releases of resource events gate subsequent acquisitions. Child result is not an awaited outcome.,"No outer child catch/finally; task fault can bypass listed releases. Interpreter catch handles only synchronous errors, sets runningerror/stop, cancels; selected message strings invoke forceAbortMotion. Branch-specific synchronous lower catches/events may differ as noted.","Acquire listed resources first, then inspect token; requested => release resources, m_abortjob=true, throw into interpreter catch. Child Task.Run has no supplied cancellation token.","Invalid enum throws inside child. catchPlate 8262–8410 catches/logs/sets m_runningerror, releases gripper in finally and returns without propagating; caller releases General.",ComponentLocks.Lock; ComponentLocks.ReleaseLock; Exception; Task.Run; catchPlate; Convert.ToInt32,SPEC DRAFT — not ported/qualified
cc,,raw tokens,BioXPControlLib/ControlLib.cs,5896-5920,5896-5920,LockGeneral,setChilerTemperature -> ClassControlInterface.setOutputChillerTemp/setReagentChillerTemp -> ClassChillerBoard.setChillerTemp,unretained Task.Run; immediate line result; resource-release completion,Immediate line result is dispatch return; later releases of resource events gate subsequent acquisitions. Child result is not an awaited outcome.,"No outer child catch/finally; task fault can bypass listed releases. Interpreter catch handles only synchronous errors, sets runningerror/stop, cancels; selected message strings invoke forceAbortMotion. Branch-specific synchronous lower catches/events may differ as noted.","Acquire listed resources first, then inspect token; requested => release resources, m_abortjob=true, throw into interpreter catch. Child Task.Run has no supplied cancellation token.",MotionOnly bypass; only OC/RC admitted by branch; invalid temperature/channel becomes no-op. Lower integer result ignored.,ComponentLocks.Lock; ComponentLocks.ReleaseLock; Exception; Task.Run; int.TryParse; setChilerTemperature; Convert.ToInt32,SPEC DRAFT — not ported/qualified
cutseal,,raw tokens,BioXPControlLib/ControlLib.cs,5921-5945,5921-5945,LockGeneral; LockGripperOperation,cutSeal -> cut -> ClassControlInterface moves; sendZandGripperHome,unretained Task.Run; immediate line result; resource-release completion,Immediate line result is dispatch return; later releases of resource events gate subsequent acquisitions. Child result is not an awaited outcome.,"No outer child catch/finally; task fault can bypass listed releases. Interpreter catch handles only synchronous errors, sets runningerror/stop, cancels; selected message strings invoke forceAbortMotion. Branch-specific synchronous lower catches/events may differ as noted.","Acquire listed resources first, then inspect token; requested => release resources, m_abortjob=true, throw into interpreter catch. Child Task.Run has no supplied cancellation token.",Optional count else default; full body 8501–8539. sendZandGripperHome joins Z but not gripper child; interpreter also releases Gripper after return.,ComponentLocks.Lock; ComponentLocks.ReleaseLock; Exception; Task.Run; cutSeal; Convert.ToInt32,SPEC DRAFT — not ported/qualified
da,,raw tokens,BioXPControlLib/ControlLib.cs,5946-5974,5946-5974,LockGeneral; LockTipOperation,ClassControlInterface.liftTo; m_PipetteControl.SetTopSpeed/DispenseAir/readPressure,unretained Task.Run; immediate line result; resource-release completion,Immediate line result is dispatch return; later releases of resource events gate subsequent acquisitions. Child result is not an awaited outcome.,"No outer child catch/finally; task fault can bypass listed releases. Interpreter catch handles only synchronous errors, sets runningerror/stop, cancels; selected message strings invoke forceAbortMotion. Branch-specific synchronous lower catches/events may differ as noted.","Acquire listed resources first, then inspect token; requested => release resources, m_abortjob=true, throw into interpreter catch. Child Task.Run has no supplied cancellation token.","Invalid numeric amount no-op. Full DispenseAir915–985 in ClassPipetteCollection: selected-tip mask/lost-tip callback branch, active events reset/inactive set, waiter false=>sleep and return numeric zero; pressure enable/disable not finally.",ComponentLocks.Lock; ComponentLocks.ReleaseLock; Exception; Task.Run; double.TryParse; m_ControlInterface.liftTo; m_PipetteControl.SetTopSpeed; m_PipetteControl.DispenseAir; m_PipetteControl.readPressure; ClassMessageLog.logMessage; Convert.ToInt32,SPEC DRAFT — not ported/qualified
delaypoint,,raw tokens,BioXPControlLib/ControlLib.cs,5975-5994,5975-5994,LockGeneral,m_prepComplete=true; m_delayedStart.Take,unretained Task.Run; immediate line result; resource-release completion,Immediate line result is dispatch return; later releases of resource events gate subsequent acquisitions. Child result is not an awaited outcome.,"No outer child catch/finally; task fault can bypass listed releases. Interpreter catch handles only synchronous errors, sets runningerror/stop, cancels; selected message strings invoke forceAbortMotion. Branch-specific synchronous lower catches/events may differ as noted.","Acquire listed resources first, then inspect token; requested => release resources, m_abortjob=true, throw into interpreter catch. Child Task.Run has no supplied cancellation token.","If no collection, immediate. Otherwise no token passed to blocking Take; release/Stop signaling requires external owner.",ComponentLocks.Lock; ComponentLocks.ReleaseLock; Exception; Task.Run; m_delayedStart.Take; ClassMessageLog.logMessage; Convert.ToInt32,SPEC DRAFT — not ported/qualified
dopen,,raw tokens,BioXPControlLib/ControlLib.cs,5995-6039,5995-6039,LockGeneral,doorOpen -> parkGantry/native thermal-door; m_canControl.trigBoardErrorEvent; ReadBarcode/errorEvent,unretained Task.Run; immediate line result; resource-release completion,Immediate line result is dispatch return; later releases of resource events gate subsequent acquisitions. Child result is not an awaited outcome.,"No outer child catch/finally; task fault can bypass listed releases. Interpreter catch handles only synchronous errors, sets runningerror/stop, cancels; selected message strings invoke forceAbortMotion. Branch-specific synchronous lower catches/events may differ as noted.","Acquire listed resources first, then inspect token; requested => release resources, m_abortjob=true, throw into interpreter catch. Child Task.Run has no supplied cancellation token.","Door false stops/emits board error; barcode retry flag deliberately withholds General release. ReadBarcode9088–9217 and ScanBarcode9243–9252 fully read: native scan/get string, changed-position retries and conditional image/error path. External error subscriber still required.",ComponentLocks.Lock; ComponentLocks.ReleaseLock; Exception; Task.Run; doorOpen; m_canControl.trigBoardErrorEvent; ReadBarcode; ClassMessageLog.logMessage; barcode.ToString; Invoke; Convert.ToInt32,SPEC DRAFT — not ported/qualified
dclose,,raw tokens,BioXPControlLib/ControlLib.cs,6040-6058,6040-6058,LockGeneral,doorOpen -> parkGantry/native closeThermalDoor; board error event,unretained Task.Run; immediate line result; resource-release completion,Immediate line result is dispatch return; later releases of resource events gate subsequent acquisitions. Child result is not an awaited outcome.,"No outer child catch/finally; task fault can bypass listed releases. Interpreter catch handles only synchronous errors, sets runningerror/stop, cancels; selected message strings invoke forceAbortMotion. Branch-specific synchronous lower catches/events may differ as noted.","Acquire listed resources first, then inspect token; requested => release resources, m_abortjob=true, throw into interpreter catch. Child Task.Run has no supplied cancellation token.","Door false sets stop and emits board error, then General released. Body 8541–8610 updates model open/closed even when operation returned false.",ComponentLocks.Lock; ComponentLocks.ReleaseLock; Exception; Task.Run; doorOpen; m_canControl.trigBoardErrorEvent; Convert.ToInt32,SPEC DRAFT — not ported/qualified
dsa,,typed ClassDispenseAll,BioXPControlLib/ControlLib.cs,6059-6081,6059-6081,LockGeneral; LockTipOperation,mdsa -> ClassControlInterface.liftTo/MoveZHome; pipette Dispense and Purge,unretained Task.Run; immediate line result; resource-release completion,Immediate line result is dispatch return; later releases of resource events gate subsequent acquisitions. Child result is not an awaited outcome.,"No outer child catch/finally; task fault can bypass listed releases. Interpreter catch handles only synchronous errors, sets runningerror/stop, cancels; selected message strings invoke forceAbortMotion. Branch-specific synchronous lower catches/events may differ as noted.","Acquire listed resources first, then inspect token; requested => release resources, m_abortjob=true, throw into interpreter catch. Child Task.Run has no supplied cancellation token.","Full core7905–8033 and pipette overloads read; unknown location throws, split/single transfer updates model; purge/ntd/high/height options. Native pipette waiter timeout often does not propagate to workflow.",ComponentLocks.Lock; ComponentLocks.ReleaseLock; Exception; Task.Run; mdsa; m_PipetteControl.readPressure; ClassMessageLog.logMessage,SPEC DRAFT — not ported/qualified
ejt,,raw tokens,BioXPControlLib/ControlLib.cs,6082-6171,6082-6171,LockGeneral; LockTipOperation,m_PipetteControl.ejectAllTips plus concurrent state restore/moveX/moveZ; errorEvent,unretained Task.Run; immediate line result; resource-release completion,Immediate line result is dispatch return; later releases of resource events gate subsequent acquisitions. Child result is not an awaited outcome.,"No outer child catch/finally; task fault can bypass listed releases. Interpreter catch handles only synchronous errors, sets runningerror/stop, cancels; selected message strings invoke forceAbortMotion. Branch-specific synchronous lower catches/events may differ as noted.","Acquire listed resources first, then inspect token; requested => release resources, m_abortjob=true, throw into interpreter catch. Child Task.Run has no supplied cancellation token.","Nested Task.WaitAll observes two nested tasks, but outer task remains unretained. moveStarted is set before ejection, not completion. TipExist true pauses/errors; false clears dirty/loaded; AllowtoStop true.",ComponentLocks.Lock; ComponentLocks.ReleaseLock; Exception; Task.Run; takeAspirateImage; ManualResetEvent; moveStarted.Set; m_PipetteControl.ejectAllTips; moveStarted.WaitOne; ToString; m_machineStatus.restoretip; Convert.ToInt32; Enum.Parse; typeof; m_ControlInterface.moveX; m_ControlInterface.moveZ; Task.WaitAll; Invoke,SPEC DRAFT — not ported/qualified
iniPipette,,raw tokens,BioXPControlLib/ControlLib.cs,6172-6188,6172-6188,LockTipOperation,initPipette; pipette readPressure; addPressureBase,unretained Task.Run; immediate line result; resource-release completion,Immediate line result is dispatch return; later releases of resource events gate subsequent acquisitions. Child result is not an awaited outcome.,"No outer child catch/finally; task fault can bypass listed releases. Interpreter catch handles only synchronous errors, sets runningerror/stop, cancels; selected message strings invoke forceAbortMotion. Branch-specific synchronous lower catches/events may differ as noted.","Acquire listed resources first, then inspect token; requested => release resources, m_abortjob=true, throw into interpreter catch. Child Task.Run has no supplied cancellation token.","Tip-only lock allows General-only overlap. Full initPipette9280–9316: reinitialize, ini return0/-1 or up to3 additional retries, optional move/eject, final throw. Pressure-read/addPressureBase5193–5203 retain shared arrays.",ComponentLocks.Lock; ComponentLocks.ReleaseLock; Exception; Task.Run; initPipette; m_PipetteControl.readPressure; addPressureBase; Convert.ToInt32,SPEC DRAFT — not ported/qualified
la,,raw tokens,BioXPControlLib/ControlLib.cs,6189-6203,6189-6203,LockGeneral,"m_machineStatus.la(cmd), W2 owner",unretained Task.Run; immediate line result; resource-release completion,Immediate line result is dispatch return; later releases of resource events gate subsequent acquisitions. Child result is not an awaited outcome.,"No outer child catch/finally; task fault can bypass listed releases. Interpreter catch handles only synchronous errors, sets runningerror/stop, cancels; selected message strings invoke forceAbortMotion. Branch-specific synchronous lower catches/events may differ as noted.","Acquire listed resources first, then inspect token; requested => release resources, m_abortjob=true, throw into interpreter catch. Child Task.Run has no supplied cancellation token.","Supplemental complete ClassMachineStatus.la1343–1374 reads float, optional F flag, validates plate/well and adds/reduces logical fluid; returns one-element original line. Captured result assignment is asynchronous but same-line return is NOT evidence of a lost loop target. Its model mutation remains child work; invalid plate throws in unobserved task.",ComponentLocks.Lock; ComponentLocks.ReleaseLock; Exception; Task.Run; m_machineStatus.la; Convert.ToInt32,SPEC DRAFT — not ported/qualified
ldtip,,raw tokens,BioXPControlLib/ControlLib.cs,6204-6281,6204-6281,LockGeneral; LockTipOperation,FillTipHotelIfEmpty/newloadTips; pipette pressure; machine tip-zone state,unretained Task.Run; immediate line result; resource-release completion,Immediate line result is dispatch return; later releases of resource events gate subsequent acquisitions. Child result is not an awaited outcome.,"No outer child catch/finally; task fault can bypass listed releases. Interpreter catch handles only synchronous errors, sets runningerror/stop, cancels; selected message strings invoke forceAbortMotion. Branch-specific synchronous lower catches/events may differ as noted.","Acquire listed resources first, then inspect token; requested => release resources, m_abortjob=true, throw into interpreter catch. Child Task.Run has no supplied cancellation token.","Full FillTipHotelIfEmpty9595–9620/newloadTips9473–9593/pressload9325–9471/approach helpers9622–9682/checkTips9918–10223. Inventory selection, re-press, eject and retry, dirty/loaded/channel/hotel state mutation; error event + throw when depleted. Hotel approach always true locally; termination via external inventory getter/exception. Cached same-tip/no-new early return. checkTips catch can preserve true.",ComponentLocks.Lock; ComponentLocks.ReleaseLock; Exception; Task.Run; m_PipetteControl.readPressure; addPressureBase; ClassMessageLog.logMessage; getMedian; Enum.Parse; typeof; Convert.ToInt32; FillTipHotelIfEmpty; newloadTips,SPEC DRAFT — not ported/qualified
led,,raw tokens,BioXPControlLib/ControlLib.cs,6282-6296,6282-6296,LockGeneral,ClassControlInterface.setColor -> board color output,unretained Task.Run; immediate line result; resource-release completion,Immediate line result is dispatch return; later releases of resource events gate subsequent acquisitions. Child result is not an awaited outcome.,"No outer child catch/finally; task fault can bypass listed releases. Interpreter catch handles only synchronous errors, sets runningerror/stop, cancels; selected message strings invoke forceAbortMotion. Branch-specific synchronous lower catches/events may differ as noted.","Acquire listed resources first, then inspect token; requested => release resources, m_abortjob=true, throw into interpreter catch. Child Task.Run has no supplied cancellation token.",Numeric conversions inside unretained child; ClassControlInterface.setColor clamps/caches then calls ClassDeckBoard. Native output W4.,ComponentLocks.Lock; ComponentLocks.ReleaseLock; Exception; Task.Run; m_ControlInterface.setColor; Convert.ToInt32,SPEC DRAFT — not ported/qualified
masp,,typed ClassAspirate,BioXPControlLib/ControlLib.cs,6297-6379,6297-6379,LockGeneral; LockTipOperation,masp -> ClassControlInterface lift/lower; pipette Aspirate/AspirateAir; pressure collection,unretained Task.Run; immediate line result; resource-release completion,Immediate line result is dispatch return; later releases of resource events gate subsequent acquisitions. Child result is not an awaited outcome.,"No outer child catch/finally; task fault can bypass listed releases. Interpreter catch handles only synchronous errors, sets runningerror/stop, cancels; selected message strings invoke forceAbortMotion. Branch-specific synchronous lower catches/events may differ as noted.","Acquire listed resources first, then inspect token; requested => release resources, m_abortjob=true, throw into interpreter catch. Child Task.Run has no supplied cancellation token.","Full7724–7903, pipette collection and pressure file/helper closure read. Fluid model updates after calls/sleeps; pressure deviations can mark m_savetip without throwing. Shared pipette bool timeout semantics remain weaker than physical success.",ComponentLocks.Lock; ComponentLocks.ReleaseLock; Exception; Task.Run; masp; m_PipetteControl.readPressure; getMedian; ClassMessageLog.logMessage; m_machineStatus.currentWellVolume; add; ToString,SPEC DRAFT — not ported/qualified
mmix,,typed ClassMix,BioXPControlLib/ControlLib.cs,6380-6397,6380-6397,LockGeneral; LockTipOperation,mmix -> ClassControlInterface lift/moveXY; pipette Aspirate/Dispense/Purge,unretained Task.Run; immediate line result; resource-release completion,Immediate line result is dispatch return; later releases of resource events gate subsequent acquisitions. Child result is not an awaited outcome.,"No outer child catch/finally; task fault can bypass listed releases. Interpreter catch handles only synchronous errors, sets runningerror/stop, cancels; selected message strings invoke forceAbortMotion. Branch-specific synchronous lower catches/events may differ as noted.","Acquire listed resources first, then inspect token; requested => release resources, m_abortjob=true, throw into interpreter catch. Child Task.Run has no supplied cancellation token.","Core 7360–7722 read, including separate raw overload not called by this branch. <=5 volume return, split-volume path or C/H/default loops; no stop polling inside those core loops. Scientific options recorded, not evaluated/changed.",ComponentLocks.Lock; ComponentLocks.ReleaseLock; Exception; Task.Run; mmix,SPEC DRAFT — not ported/qualified
mov,,typed ClassMoveTo,BioXPControlLib/ControlLib.cs,6398-6412,6398-6412,LockGeneral,movExecution -> ClassControlInterface.scriptmoveTo/rPunchFoil/hokeypokey/CirclePunch/moves,unretained Task.Run; immediate line result; resource-release completion,Immediate line result is dispatch return; later releases of resource events gate subsequent acquisitions. Child result is not an awaited outcome.,"No outer child catch/finally; task fault can bypass listed releases. Interpreter catch handles only synchronous errors, sets runningerror/stop, cancels; selected message strings invoke forceAbortMotion. Branch-specific synchronous lower catches/events may differ as noted.","Acquire listed resources first, then inspect token; requested => release resources, m_abortjob=true, throw into interpreter catch. Child Task.Run has no supplied cancellation token.","Full6706–6994 and entire ClassControlInterface geometry read: old-well/material/default selection, plate/location mapping, r/w/h/d/t piercing, ordered native move flags/version/state. No returned physical outcome to interpreter caller.",ComponentLocks.Lock; ComponentLocks.ReleaseLock; Exception; Task.Run; movExecution,SPEC DRAFT — not ported/qualified
ms,,raw tokens,BioXPControlLib/ControlLib.cs,6413-6427,6413-6427,LockGeneral,processms -> machine strip.nextAvailableWell and ClassControlInterface.scriptmoveTo,unretained Task.Run; immediate line result; resource-release completion,Immediate line result is dispatch return; later releases of resource events gate subsequent acquisitions. Child result is not an awaited outcome.,"No outer child catch/finally; task fault can bypass listed releases. Interpreter catch handles only synchronous errors, sets runningerror/stop, cancels; selected message strings invoke forceAbortMotion. Branch-specific synchronous lower catches/events may differ as noted.","Acquire listed resources first, then inspect token; requested => release resources, m_abortjob=true, throw into interpreter catch. Child Task.Run has no supplied cancellation token.",8035–8057 read. Select first strip with availability; no explicit all-strips-not-found guard before move.,ComponentLocks.Lock; ComponentLocks.ReleaseLock; Exception; Task.Run; processms; Convert.ToDouble; Convert.ToInt32,SPEC DRAFT — not ported/qualified
park,,raw tokens,BioXPControlLib/ControlLib.cs,6428-6442,6428-6442,LockGeneral,parkGantry(rehome:true) -> pipette ejection + ClassControlInterface.HomeXY/scriptmoveTo,unretained Task.Run; immediate line result; resource-release completion,Immediate line result is dispatch return; later releases of resource events gate subsequent acquisitions. Child result is not an awaited outcome.,"No outer child catch/finally; task fault can bypass listed releases. Interpreter catch handles only synchronous errors, sets runningerror/stop, cancels; selected message strings invoke forceAbortMotion. Branch-specific synchronous lower catches/events may differ as noted.","Acquire listed resources first, then inspect token; requested => release resources, m_abortjob=true, throw into interpreter catch. Child Task.Run has no supplied cancellation token.",7071–7122 read: already parked early return; TipExist after ejection raises error/pause and returns; rehome lost-step checks set pause/error and return. Manual call uses default rehome false.,ComponentLocks.Lock; ComponentLocks.ReleaseLock; Exception; Task.Run; parkGantry; Convert.ToInt32,SPEC DRAFT — not ported/qualified
pressp,,raw tokens,BioXPControlLib/ControlLib.cs,6443-6462,6443-6462,LockGeneral,pressPlates -> pressPlate -> native gripper/Z/motion,unretained Task.Run; immediate line result; resource-release completion,Immediate line result is dispatch return; later releases of resource events gate subsequent acquisitions. Child result is not an awaited outcome.,"No outer child catch/finally; task fault can bypass listed releases. Interpreter catch handles only synchronous errors, sets runningerror/stop, cancels; selected message strings invoke forceAbortMotion. Branch-specific synchronous lower catches/events may differ as noted.","Acquire listed resources first, then inspect token; requested => release resources, m_abortjob=true, throw into interpreter catch. Child Task.Run has no supplied cancellation token.",Enum.TryParse return ignored. Full pressPlates5154–5191 only handles plate enum0/1/2; one item passes home flag to pressPlate8412–8487; multi valid items launch unretained sendGripperHome then Gripper release. Zero supported items do not trigger that home/release path. Caller releases General only.,ComponentLocks.Lock; ComponentLocks.ReleaseLock; Exception; Task.Run; pressPlates; Convert.ToInt32,SPEC DRAFT — not ported/qualified
releasePlate,release,raw tokens,BioXPControlLib/ControlLib.cs,6463-6463,6464-6496,LockGeneral,releasePlate -> native move/gripper/sendZandGripperHome + SnapshotImage,alias fallthrough,Immediate line result is dispatch return; later releases of resource events gate subsequent acquisitions. Child result is not an awaited outcome.,"No outer child catch/finally; task fault can bypass listed releases. Interpreter catch handles only synchronous errors, sets runningerror/stop, cancels; selected message strings invoke forceAbortMotion. Branch-specific synchronous lower catches/events may differ as noted.","Acquire listed resources first, then inspect token; requested => release resources, m_abortjob=true, throw into interpreter catch. Child Task.Run has no supplied cancellation token.",8116–8260 read. Plate name or location; optional pressplate. releasePlate catches/logs/sets m_runningerror without rethrow/finally; gripper home child unretained and only Z joined. Caller sets AllowtoStop=true and releases General.,ComponentLocks.Lock; ComponentLocks.ReleaseLock; Exception; Task.Run; getPlateLocation; Enum.Parse; typeof; releasePlate; Equals; Convert.ToInt32,SPEC DRAFT — not ported/qualified
release,,raw tokens,BioXPControlLib/ControlLib.cs,6464-6496,6464-6496,LockGeneral,releasePlate -> native move/gripper/sendZandGripperHome + SnapshotImage,unretained Task.Run; immediate line result; resource-release completion,Immediate line result is dispatch return; later releases of resource events gate subsequent acquisitions. Child result is not an awaited outcome.,"No outer child catch/finally; task fault can bypass listed releases. Interpreter catch handles only synchronous errors, sets runningerror/stop, cancels; selected message strings invoke forceAbortMotion. Branch-specific synchronous lower catches/events may differ as noted.","Acquire listed resources first, then inspect token; requested => release resources, m_abortjob=true, throw into interpreter catch. Child Task.Run has no supplied cancellation token.",8116–8260 read. Plate name or location; optional pressplate. releasePlate catches/logs/sets m_runningerror without rethrow/finally; gripper home child unretained and only Z joined. Caller sets AllowtoStop=true and releases General.,ComponentLocks.Lock; ComponentLocks.ReleaseLock; Exception; Task.Run; getPlateLocation; Enum.Parse; typeof; releasePlate; Equals; Convert.ToInt32,SPEC DRAFT — not ported/qualified
retip,,raw tokens,BioXPControlLib/ControlLib.cs,6497-6511,6497-6511,LockGeneral,retip -> m_machineStatus.retip (W2),unretained Task.Run; immediate line result; resource-release completion,Immediate line result is dispatch return; later releases of resource events gate subsequent acquisitions. Child result is not an awaited outcome.,"No outer child catch/finally; task fault can bypass listed releases. Interpreter catch handles only synchronous errors, sets runningerror/stop, cancels; selected message strings invoke forceAbortMotion. Branch-specific synchronous lower catches/events may differ as noted.","Acquire listed resources first, then inspect token; requested => release resources, m_abortjob=true, throw into interpreter catch. Child Task.Run has no supplied cancellation token.","Model mutation, not proven physical replenishment; body 7051–7054.",ComponentLocks.Lock; ComponentLocks.ReleaseLock; Exception; Task.Run; retip; Convert.ToInt32,SPEC DRAFT — not ported/qualified
rmb,,typed ClassDebubble,BioXPControlLib/ControlLib.cs,6512-6529,6512-6529,LockGeneral; LockTipOperation,"rmb -> native lift/lower/moveXY, pipette Aspirate/Dispense/Purge",unretained Task.Run; immediate line result; resource-release completion,Immediate line result is dispatch return; later releases of resource events gate subsequent acquisitions. Child result is not an awaited outcome.,"No outer child catch/finally; task fault can bypass listed releases. Interpreter catch handles only synchronous errors, sets runningerror/stop, cancels; selected message strings invoke forceAbortMotion. Branch-specific synchronous lower catches/events may differ as noted.","Acquire listed resources first, then inspect token; requested => release resources, m_abortjob=true, throw into interpreter catch. Child Task.Run has no supplied cancellation token.","7179–7300 read; defaults/volume clamp, <=5 early return, outer count and inner dispense loop, optional orbit and tip dip; no stop polling inside body.",ComponentLocks.Lock; ComponentLocks.ReleaseLock; Exception; Task.Run; rmb,SPEC DRAFT — not ported/qualified
snapshot,,raw tokens,BioXPControlLib/ControlLib.cs,6530-6547,6530-6547,LockGeneral,takeAspirateImage -> vision boundary,unretained Task.Run; immediate line result; resource-release completion,Immediate line result is dispatch return; later releases of resource events gate subsequent acquisitions. Child result is not an awaited outcome.,"No outer child catch/finally; task fault can bypass listed releases. Interpreter catch handles only synchronous errors, sets runningerror/stop, cancels; selected message strings invoke forceAbortMotion. Branch-specific synchronous lower catches/events may differ as noted.","Acquire listed resources first, then inspect token; requested => release resources, m_abortjob=true, throw into interpreter catch. Child Task.Run has no supplied cancellation token.","CheckSnapTips false no-op; full takeAspirateImage1683–1692 moves/updates location, sleeps then SnapshotImage8951–8994; SaveImage catch logs/swallows. Vision implementation external.",ComponentLocks.Lock; ComponentLocks.ReleaseLock; Exception; Task.Run; takeAspirateImage; Convert.ToInt32,SPEC DRAFT — not ported/qualified
so,,raw tokens,BioXPControlLib/ControlLib.cs,6548-6562,6548-6562,LockGeneral,shakeoff -> native Z position/move/current acceleration/reset/lower/Home,unretained Task.Run; immediate line result; resource-release completion,Immediate line result is dispatch return; later releases of resource events gate subsequent acquisitions. Child result is not an awaited outcome.,"No outer child catch/finally; task fault can bypass listed releases. Interpreter catch handles only synchronous errors, sets runningerror/stop, cancels; selected message strings invoke forceAbortMotion. Branch-specific synchronous lower catches/events may differ as noted.","Acquire listed resources first, then inspect token; requested => release resources, m_abortjob=true, throw into interpreter catch. Child Task.Run has no supplied cancellation token.",6996–7010 read; count loop and sleeps; no stop poll inside body.,ComponentLocks.Lock; ComponentLocks.ReleaseLock; Exception; Task.Run; shakeoff; Convert.ToInt32,SPEC DRAFT — not ported/qualified
sp,,raw tokens,BioXPControlLib/ControlLib.cs,6563-6583,6563-6583,LockTCOperation; LockGeneral,setThermalTemperature -> SetTCTemperature -> ClassThermalBoard.setTemperature(wait:true),unretained Task.Run; immediate line result; resource-release completion,Immediate line result is dispatch return; later releases of resource events gate subsequent acquisitions. Child result is not an awaited outcome.,"No outer child catch/finally; task fault can bypass listed releases. Interpreter catch handles only synchronous errors, sets runningerror/stop, cancels; selected message strings invoke forceAbortMotion. Branch-specific synchronous lower catches/events may differ as noted.","Acquire listed resources first, then inspect token; requested => release resources, m_abortjob=true, throw into interpreter catch. Child Task.Run has no supplied cancellation token.","TC then General lock. MotionOnly bypass; lower TC call blocks by contract, 2971–3014. Wait completion/Abort semantics W4.",ComponentLocks.Lock; ComponentLocks.ReleaseLock; Exception; Task.Run; setThermalTemperature; Convert.ToDouble; Convert.ToInt32,SPEC DRAFT — not ported/qualified
splid,,raw tokens,BioXPControlLib/ControlLib.cs,6584-6608,6584-6608,LockTCOperation,setLIDTemperature -> SetLidTemperature -> ClassThermalBoard.setLidTemperature,unretained Task.Run; immediate line result; resource-release completion,Immediate line result is dispatch return; later releases of resource events gate subsequent acquisitions. Child result is not an awaited outcome.,"No outer child catch/finally; task fault can bypass listed releases. Interpreter catch handles only synchronous errors, sets runningerror/stop, cancels; selected message strings invoke forceAbortMotion. Branch-specific synchronous lower catches/events may differ as noted.","Acquire listed resources first, then inspect token; requested => release resources, m_abortjob=true, throw into interpreter catch. Child Task.Run has no supplied cancellation token.",TC-only lock overlaps motion. MotionOnly bypass; omitted wait=>T; only F/FALSE means false; nonwait duration forced zero in interface. Lower wait/Abort W4.,ComponentLocks.Lock; ComponentLocks.ReleaseLock; Exception; Task.Run; setLIDTemperature; Convert.ToDouble; Convert.ToInt32,SPEC DRAFT — not ported/qualified
step,,raw tokens,BioXPControlLib/ControlLib.cs,6609-6622,6609-6622,LockGeneral,only General release; outer executeScript progression observer,unretained Task.Run; immediate line result; resource-release completion,Immediate line result is dispatch return; later releases of resource events gate subsequent acquisitions. Child result is not an awaited outcome.,"No outer child catch/finally; task fault can bypass listed releases. Interpreter catch handles only synchronous errors, sets runningerror/stop, cancels; selected message strings invoke forceAbortMotion. Branch-specific synchronous lower catches/events may differ as noted.","Acquire listed resources first, then inspect token; requested => release resources, m_abortjob=true, throw into interpreter catch. Child Task.Run has no supplied cancellation token.",No machine command. Outer text.Contains(step) updates stage timing.,ComponentLocks.Lock; ComponentLocks.ReleaseLock; Exception; Task.Run; Convert.ToInt32,SPEC DRAFT — not ported/qualified
sweep,,raw tokens,BioXPControlLib/ControlLib.cs,6623-6640,6623-6640,LockGeneral; LockTipOperation,sweep -> loadTip/native waste move/pipette eject/read tip state,unretained Task.Run; immediate line result; resource-release completion,Immediate line result is dispatch return; later releases of resource events gate subsequent acquisitions. Child result is not an awaited outcome.,"No outer child catch/finally; task fault can bypass listed releases. Interpreter catch handles only synchronous errors, sets runningerror/stop, cancels; selected message strings invoke forceAbortMotion. Branch-specific synchronous lower catches/events may differ as noted.","Acquire listed resources first, then inspect token; requested => release resources, m_abortjob=true, throw into interpreter catch. Child Task.Run has no supplied cancellation token.","Full7012–7049 plus private loadTip4844–4863 and pipette completion path read. Zone sweep load/eject, AllowtoStop toggles; retained TipExist raises error/pause.",ComponentLocks.Lock; ComponentLocks.ReleaseLock; Exception; Task.Run; sweep; Convert.ToInt32,SPEC DRAFT — not ported/qualified
wait,,raw tokens,BioXPControlLib/ControlLib.cs,6641-6675,6641-6675,LockGeneral,_ScriptWaitTimer -> _script_wait_timer_Elapsed -> m_waitStart.TryAdd(0); worker Take,unretained Task.Run; immediate line result; resource-release completion,Immediate line result is dispatch return; later releases of resource events gate subsequent acquisitions. Child result is not an awaited outcome.,"No outer child catch/finally; task fault can bypass listed releases. Interpreter catch handles only synchronous errors, sets runningerror/stop, cancels; selected message strings invoke forceAbortMotion. Branch-specific synchronous lower catches/events may differ as noted.","Acquire listed resources first, then inspect token; requested => release resources, m_abortjob=true, throw into interpreter catch. Child Task.Run has no supplied cancellation token.",MotionOnly bypass; invalid integer logs; timer interval seconds; reused collection TakeWhile is not enumerated in source (not a proven drain). Timer callback 4764–4771. No token passed to Take.,ComponentLocks.Lock; ComponentLocks.ReleaseLock; Exception; Task.Run; int.TryParse; m_waitStart.TakeWhile; m_waitStart.Take; ClassMessageLog.logMessage; Convert.ToInt32,SPEC DRAFT — not ported/qualified
default,,raw tokens,BioXPControlLib/ControlLib.cs,6676-6678,6676-6678,,no machine call,"Immediate parsed line number, no unknown-command rejection; typed cmd=null can throw",,,,Unknown operation returns parsed line as no-op; no validation/error at this switch. Typed unknown has cmd=null and can hit outer catch.,,SPEC DRAFT — not ported/qualified
